{"stats":{"minecraft:custom":{"minecraft:jump":20,"minecraft:time_since_rest":2842,"minecraft:damage_dealt":40,"minecraft:crouch_one_cm":184,"minecraft:sprint_one_cm":3965,"minecraft:play_time":2842,"minecraft:time_since_death":2842,"minecraft:walk_one_cm":743,"minecraft:sneak_time":86,"minecraft:total_world_time":2842,"minecraft:mob_kills":1,"minecraft:drop":3,"minecraft:fly_one_cm":12529},"minecraft:picked_up":{"minecraft:feather":2,"minecraft:chicken":1,"minecraft:grass_block":1},"minecraft:killed":{"minecraft:chicken":1},"minecraft:dropped":{"minecraft:chicken":1,"minecraft:grass_block":2}},"DataVersion":3465}