{"stats":{"minecraft:custom":{"minecraft:jump":21,"minecraft:time_since_rest":14842,"minecraft:damage_dealt":50,"minecraft:crouch_one_cm":184,"minecraft:sprint_one_cm":5685,"minecraft:play_time":14842,"minecraft:time_since_death":14842,"minecraft:walk_one_cm":2028,"minecraft:sneak_time":98,"minecraft:total_world_time":14842,"minecraft:mob_kills":1,"minecraft:drop":3,"minecraft:fly_one_cm":12819},"minecraft:picked_up":{"minecraft:feather":2,"minecraft:chicken":1,"minecraft:grass_block":1},"minecraft:killed":{"minecraft:chicken":1},"minecraft:dropped":{"minecraft:chicken":1,"minecraft:grass_block":2}},"DataVersion":3465}