{"stats":{"minecraft:used":{"minecraft:netherite_sword":3},"minecraft:custom":{"minecraft:time_since_rest":29135,"minecraft:crouch_one_cm":906,"minecraft:play_time":29135,"minecraft:sprint_one_cm":10790,"minecraft:walk_one_cm":7190,"minecraft:sneak_time":298,"minecraft:mob_kills":4,"minecraft:drop":4,"minecraft:jump":48,"minecraft:damage_dealt":310,"minecraft:leave_game":1,"minecraft:time_since_death":29135,"minecraft:total_world_time":29135,"minecraft:fly_one_cm":69816},"minecraft:picked_up":{"minecraft:feather":2,"minecraft:chicken":1,"minecraft:porkchop":3,"minecraft:grass_block":1,"minecraft:mutton":2,"minecraft:white_wool":2},"minecraft:killed":{"minecraft:sheep":2,"minecraft:pig":1,"minecraft:chicken":1},"minecraft:dropped":{"minecraft:chicken":1,"minecraft:grass_block":3}},"DataVersion":3465}